name,type,city,internship_open,paid,monthly_stipend_eur,response_status,address,source_url,last_checked,notes,lat,lon
European Commission,EU institution,Brussels,yes,yes,1538.16,classified,"Berlaymont, Rue de la Loi 200, 1040 Brussels",https://traineeships.ec.europa.eu,2026-06,Blue Book 5-month traineeship. Travel reimbursed; visa/health co-funded.,50.843625,4.382544
European Parliament,EU institution,Brussels,yes,yes,1889.00,classified,"60 Rue Wiertz, B-1047 Brussels",https://www.europarl.europa.eu/traineeships,2026-06,Schuman traineeship; base raised to 1889 in Jan 2026. Disability top-up up to 50%.,50.838657,4.375189
Council of the European Union,EU institution,Brussels,yes,yes,1538.16,classified,"Rue de la Loi 175, B-1048 Brussels",https://www.consilium.europa.eu/en/general-secretariat/careers/traineeships/,2026-06,Net. Includes 60/month canteen card + travel. ~20 unpaid compulsory places also exist.,50.846737,4.352493
European Research Executive Agency (REA),EU agency,Brussels,yes,yes,1538.16,classified,"Boulevard Simon Bolivar 34, 1000 Brussels",https://rea.ec.europa.eu,2026-06,Recruits via Virtual Blue Book portal.,50.861004,4.354825
European Committee of the Regions (CoR),EU institution,Brussels,yes,yes,1538.00,classified,"Rue Belliard/Belliardstraat 101, 1040 Brussels",https://www.cor.europa.eu/en/about/work-us/traineeships,2026-06,Cicero traineeship 5 months. Unpaid 1-4 month study visits also offered.,50.840529,4.377601
European Economic and Social Committee (EESC),EU institution,Brussels,yes,yes,1370.00,classified,"Rue Belliard 99-101, 1040 Brussels",https://www.eesc.europa.eu/en/work-with-us/traineeships,2026-06,DISCREPANCY: ecosystem source says 1370; official long-term rate 1538.88 (16/02/2026-15/02/2027). Verify.,50.842045,4.370794
European External Action Service (EEAS),EU institution,Brussels,yes,yes,1200.00,classified,"Rond-Point Schuman 9A, 1046 Brussels",https://www.eeas.europa.eu,2026-06,Funded graduate traineeship up to 1200 ceiling (25% of Local Agent Group I). Unpaid compulsory placements in Delegations.,50.842463,4.384638
Court of Justice of the EU,EU institution,Luxembourg,yes,yes,2400.00,classified,"Boulevard Konrad Adenauer, L-2925 Luxembourg",https://curia.europa.eu/site/jcms/d2_5152/en/traineeships,2026-06,Pegged to 75% of Luxembourg skilled minimum wage; auto-indexed. Disability program pays 150%.,,
European Central Bank,EU institution,Frankfurt,yes,yes,1170.00,classified,"Sonnemannstrasse 20, 60314 Frankfurt am Main",https://www.ecb.europa.eu/careers/what-we-offer/traineeship/html/index.en.html,2026-06,Standard 1170; PhD-level 2120. Relocation >50km adds 750/month accommodation allowance.,50.109628,8.702923
European Ombudsman,EU institution,Strasbourg,yes,yes,1300.00,classified,"1 Avenue du President Robert Schuman, 67001 Strasbourg",https://www.ombudsman.europa.eu,2026-06,25% of AD6 Step1 salary. Brussels ~1300-1400; Strasbourg ~1600-1850. Up to 12 months.,48.594772,7.768137
European Court of Auditors,EU institution,Luxembourg,yes,yes,1700.00,classified,"12 Rue Alcide De Gasperi, 1615 Luxembourg",https://www.eca.europa.eu/en/traineeships,2026-06,Standard 1700; specialized AI track 2500; SAI track 1800. 6 months.,49.622796,6.15026
EU Agency for Fundamental Rights (FRA),EU agency,Vienna,yes,yes,1641.22,classified,"Schwarzenbergplatz 11, 1040 Vienna",https://fra.europa.eu/en/vacancy/2026/traineeship-call-2026,2026-06,2026 cycle 1641.22 (up from 1574 in 2025). 10 months. Non-Vienna coefficient-adjusted.,48.194885,16.382568
European Medicines Agency (EMA),EU agency,Amsterdam,yes,yes,2049.77,classified,"Domenico Scarlattilaan 6, 1083 HS Amsterdam",https://careers.ema.europa.eu,2026-06,10 months. Relocation assistance + 20 days paid leave.,52.337248,4.886219
European Food Safety Authority (EFSA),EU agency,Parma,yes,yes,1463.00,classified,"Via Carlo Magno 1A, 43126 Parma",https://eu-careers.europa.eu/en/trainee/traineeships-efsa,2026-06,12 months (min 5). Telework up to 60%.,44.809894,10.321753
EU Agency for Asylum (EUAA),EU agency,Valletta,yes,yes,1500.00,classified,"Winemakers Wharf, Grand Harbour Valletta MRS 1917",https://www.euaa.europa.eu/careers/traineeship,2026-06,6 months (max 12). Relocation support if >100km.,,
EU Intellectual Property Office (EUIPO),EU agency,Alicante,yes,yes,1300.00,classified,"Avenida de Europa 4, 03008 Alicante",https://www.euipo.europa.eu/en/about-us/the-office/who-we-are/employer-of-choice/traineeships,2026-06,Pan-European Seal: 1300 Alicante / 1500 Brussels-Lux. Also unpaid post-experience roles.,38.314607,-0.518026
EU Satellite Centre (SatCen),EU agency,Madrid,yes,yes,1200.00,classified,"Base Aerea de Torrejon, 28850 Torrejon de Ardoz, Madrid",https://www.satcen.europa.eu,2026-06,1200 + 206.89 transport allowance.,40.473582,-3.44846
WWF European Policy Office,NGO,Brussels,yes,yes,1400.00,classified,"123 Rue du Commerce, 1000 Brussels",https://www.wwf.eu,2026-06,High performers may get 6-month follow-on contract at ~2600 gross.,50.845724,4.370598
Transparency International EU,NGO,Brussels,yes,yes,1200.00,classified,"Rue du Commerce 31, 1000 Brussels",https://transparency.eu,2026-06,CIP contract. +148.73 remote allowance +20 internet +lunch vouchers 8/day +hospitalisation insurance.,50.84088,4.368066
Transport & Environment (T&E),NGO,Brussels,yes,yes,1500.00,classified,"Rue Charles Martel 8, 1000 Brussels",https://jobs.transportenvironment.org,2026-06,Gross/month for continuous ~1-year contracts.,50.845584,4.380008
Bruegel,think tank,Brussels,yes,yes,2200.00,classified,"Rue de la Charite 33, 1210 Brussels",https://www.bruegel.org/careers,2026-06,Premium tier 2200-2800; bypasses CIP minimums for quantitative talent.,50.847936,4.370965
Centre for European Policy Studies (CEPS),think tank,Brussels,yes,yes,1200.00,classified,"Place du Congres 1, 1000 Brussels",https://www.ceps.eu,2026-06,CIP base standard.,50.849691,4.363441
European Policy Centre (EPC),think tank,Brussels,yes,yes,950.00,classified,"Rue du Trone 14-16, 1000 Brussels",https://www.epc.eu,2026-06,Lowest observed stipend in sample. Verify.,50.839788,4.366496
BusinessEurope,trade association,Brussels,yes,yes,1000.00,classified,"Avenue de Cortenbergh 168, 1000 Brussels",https://www.businesseurope.eu,2026-06,Range ~1000-1200.,50.845831,4.391256
DIGITALEUROPE,trade association,Brussels,yes,yes,1200.00,classified,"Rue de la Science 37, B-1040 Brussels",https://www.digitaleurope.org,2026-06,Range 1200-1500 for 6-12 month policy fellowships.,50.843775,4.372278
Eurochambres,trade association,Brussels,yes,unknown,,classified,"Avenue des Arts 19 A/D, B-1000 Brussels",https://www.eurochambres.eu,2026-06,Offers internships; pay not stated. Send questionnaire.,50.846792,4.369911
FTI Consulting,consultancy,Brussels,yes,yes,,classified,"Avenue des Arts 56, 1000 Brussels",https://www.fticonsulting.com,2026-06,Paid but amount not stated. Client-facing probationary model.,50.841101,4.366713
FleishmanHillard,consultancy,Brussels,yes,yes,1000.00,classified,"Rue Belliard 40, 1040 Brussels",https://fleishmanhillard.eu,2026-06,Hybrid work + formal training.,50.842105,4.371728
Political Intelligence Brussels,consultancy,Brussels,yes,yes,1095.00,classified,Brussels (address unverified),https://www.political-intelligence.com,2026-06,Gross/month.,50.846737,4.352493
Covington & Burling,law firm,Brussels,yes,yes,,classified,"Kunstlaan 44 Avenue des Arts, 1040 Brussels",https://www.cov.com,2026-06,Paid 6-month legal internship; amount not stated. High-retention pipeline.,50.842927,4.367681
Cleary Gottlieb,law firm,Brussels,yes,yes,,classified,"Rue de la Loi 57, 1040 Brussels",https://www.clearygottlieb.com,2026-06,Paid; amount not stated.,50.834334,4.392075
Egmont - Royal Institute for International Relations,think tank,Brussels,yes,unknown,,classified,"Rue des Petits Carmes 15, 1000 Brussels",https://www.egmontinstitute.be,2026-07,Seed org: hosts interns; pay and details to verify.,50.840317,4.358588
Friends of Europe,think tank,Brussels,yes,unknown,,classified,,https://www.friendsofeurope.org,2026-07,Seed org: hosts interns; pay and details to verify.,,
Carnegie Europe,think tank,Brussels,yes,unknown,,classified,"Rue du Congres 15, 1000 Brussels",https://carnegieeurope.eu,2026-07,Seed org: hosts interns; pay and details to verify.,50.849675,4.365077
Wilfried Martens Centre for European Studies,think tank,Brussels,yes,unknown,,classified,"Rue du Commerce 20, 1000 Brussels",https://www.martenscentre.eu,2026-07,Seed org: hosts interns; pay and details to verify.,50.840095,4.367279
Foundation for European Progressive Studies (FEPS),foundation,Brussels,yes,unknown,,classified,"Avenue des Arts 46, 1000 Brussels",https://feps-europe.eu,2026-07,Seed org: hosts interns; pay and details to verify.,50.842465,4.367508
Institute for European Environmental Policy (IEEP),think tank,Brussels,yes,unknown,,classified,"Rue Joseph II 36-38, 1000 Brussels",https://ieep.eu,2026-07,Seed org: hosts interns; pay and details to verify.,50.845958,4.371519
European Council on Foreign Relations (ECFR),think tank,Brussels,yes,unknown,,classified,,https://ecfr.eu,2026-07,Seed org: hosts interns; pay and details to verify.,,
Centre for European Reform (CER),think tank,Brussels,yes,unknown,,classified,,https://www.cer.eu,2026-07,Seed org: hosts interns; pay and details to verify.,,
Jacques Delors Institute,think tank,Brussels,yes,unknown,,classified,,https://institutdelors.eu,2026-07,Seed org: hosts interns; pay and details to verify.,,
BEUC - The European Consumer Organisation,NGO,Brussels,yes,unknown,,classified,"Rue d'Arlon 80, 1040 Brussels",https://www.beuc.eu,2026-07,Seed org: hosts interns; pay and details to verify.,50.841923,4.373303
European Environmental Bureau (EEB),NGO,Brussels,yes,unknown,,classified,"Rue des Deux Eglises 14-16, 1000 Brussels",https://eeb.org,2026-07,Seed org: hosts interns; pay and details to verify.,50.846527,4.3728
Climate Action Network Europe (CAN Europe),NGO,Brussels,yes,unknown,,classified,"Rue d'Edimbourg 26, 1050 Brussels",https://caneurope.org,2026-07,Seed org: hosts interns; pay and details to verify.,50.837895,4.364323
Greenpeace European Unit,NGO,Brussels,yes,unknown,,classified,"Rue Belliard 199, 1040 Brussels",https://www.greenpeace.org/eu-unit/,2026-07,Seed org: hosts interns; pay and details to verify.,50.839612,4.384345
Amnesty International European Institutions Office,NGO,Brussels,yes,unknown,,classified,"Rue de Treves 35, 1040 Brussels",https://www.amnesty.eu,2026-07,Seed org: hosts interns; pay and details to verify.,50.84252,4.375128
Oxfam EU,NGO,Brussels,yes,unknown,,classified,,https://www.oxfam.org,2026-07,Seed org: hosts interns; pay and details to verify.,,
European Youth Forum,NGO,Brussels,yes,unknown,,classified,"Rue de l'Industrie 10, 1000 Brussels",https://www.youthforum.org,2026-07,Seed org: hosts interns; pay and details to verify.,50.84169,4.36944
Social Platform,NGO,Brussels,yes,unknown,,classified,"Square de Meeus 18, 1050 Brussels",https://www.socialplatform.org,2026-07,Seed org: hosts interns; pay and details to verify.,50.839012,4.369794
CONCORD Europe,NGO,Brussels,yes,unknown,,classified,"Rue de l'Industrie 10, 1000 Brussels",https://concordeurope.org,2026-07,Seed org: hosts interns; pay and details to verify.,50.84169,4.36944
European Public Health Alliance (EPHA),NGO,Brussels,yes,unknown,,classified,"Rue de Treves 49-51, 1040 Brussels",https://epha.org,2026-07,Seed org: hosts interns; pay and details to verify.,50.842639,4.375071
ClientEarth,NGO,Brussels,yes,unknown,,classified,,https://www.clientearth.org,2026-07,Seed org: hosts interns; pay and details to verify.,,
Human Rights Watch (Brussels),NGO,Brussels,yes,unknown,,classified,,https://www.hrw.org,2026-07,Seed org: hosts interns; pay and details to verify.,,
Eurelectric,trade association,Brussels,yes,unknown,,classified,"Boulevard de l'Imperatrice 66, 1000 Brussels",https://www.eurelectric.org,2026-07,Seed org: hosts interns; pay and details to verify.,50.848138,4.357548
ACEA - European Automobile Manufacturers' Association,trade association,Brussels,yes,unknown,,classified,"Avenue des Nerviens 85, 1040 Brussels",https://www.acea.auto,2026-07,Seed org: hosts interns; pay and details to verify.,50.838349,4.38991
Cefic - European Chemical Industry Council,trade association,Brussels,yes,unknown,,classified,"Rue Belliard 40, 1040 Brussels",https://cefic.org,2026-07,Seed org: hosts interns; pay and details to verify.,50.842105,4.371728
FoodDrinkEurope,trade association,Brussels,yes,unknown,,classified,"Avenue des Nerviens 9-31, 1040 Brussels",https://www.fooddrinkeurope.eu,2026-07,Seed org: hosts interns; pay and details to verify.,50.839556,4.385614
Insurance Europe,trade association,Brussels,yes,unknown,,classified,"Rue du Champ de Mars 23, 1050 Brussels",https://www.insuranceeurope.eu,2026-07,Seed org: hosts interns; pay and details to verify.,50.838563,4.366307
SolarPower Europe,trade association,Brussels,yes,unknown,,classified,,https://www.solarpowereurope.org,2026-07,Seed org: hosts interns; pay and details to verify.,,
WindEurope,trade association,Brussels,yes,unknown,,classified,,https://windeurope.org,2026-07,Seed org: hosts interns; pay and details to verify.,,
Hydrogen Europe,trade association,Brussels,yes,unknown,,classified,,https://hydrogeneurope.eu,2026-07,Seed org: hosts interns; pay and details to verify.,,
EuropaBio,trade association,Brussels,yes,unknown,,classified,,https://www.europabio.org,2026-07,Seed org: hosts interns; pay and details to verify.,50.84146,4.367254
Copa-Cogeca,trade association,Brussels,yes,unknown,,classified,"Rue de Treves 61, 1040 Brussels",https://www.copa-cogeca.eu,2026-07,Seed org: hosts interns; pay and details to verify.,50.84352,4.375742
Interel,consultancy,Brussels,yes,unknown,,classified,,https://www.interel.eu,2026-07,Seed org: hosts interns; pay and details to verify.,,
Kreab Brussels,consultancy,Brussels,yes,unknown,,classified,,https://www.kreab.com,2026-07,Seed org: hosts interns; pay and details to verify.,,
Rud Pedersen Public Affairs,consultancy,Brussels,yes,unknown,,classified,,https://www.rudpedersen.com,2026-07,Seed org: hosts interns; pay and details to verify.,,
Cambre Associates,consultancy,Brussels,yes,unknown,,classified,,https://cambre-associates.com,2026-07,Seed org: hosts interns; pay and details to verify.,,
Acumen Public Affairs,consultancy,Brussels,yes,unknown,,classified,"Rue du Trone 60, 1050 Brussels",https://www.acumenpublicaffairs.com,2026-07,Seed org: hosts interns; pay and details to verify.,50.83811,4.369029
Van Bael & Bellis,law firm,Brussels,yes,unknown,,classified,"Chaussee de La Hulpe 166, 1170 Brussels",https://www.vbb.com,2026-07,Seed org: hosts interns; pay and details to verify.,50.796288,4.404433
White & Case (Brussels),law firm,Brussels,yes,unknown,,classified,"Rue de la Loi 62, 1040 Brussels",https://www.whitecase.com,2026-07,Seed org: hosts interns; pay and details to verify.,50.834334,4.392075
Linklaters (Brussels),law firm,Brussels,yes,unknown,,classified,"Rue Brederode 13, 1000 Brussels",https://www.linklaters.com,2026-07,Seed org: hosts interns; pay and details to verify.,50.840522,4.360783
Jones Day (Brussels),law firm,Brussels,yes,unknown,,classified,"Rue de la Regence 4, 1000 Brussels",https://www.jonesday.com,2026-07,Seed org: hosts interns; pay and details to verify.,50.840696,4.35747
European Data Protection Supervisor (EDPS),EU institution,Brussels,yes,unknown,,classified,"Rue Wiertz 60, 1047 Brussels",https://edps.europa.eu,2026-07,Seed org: hosts interns; pay and details to verify.,50.838657,4.375189
European Investment Bank (Brussels office),EU institution,Brussels,yes,unknown,,classified,"Rue de la Loi 227, 1040 Brussels",https://www.eib.org,2026-07,Seed org: hosts interns; pay and details to verify.,50.834334,4.392075
EPP Group,political group,Brussels,yes,unknown,,classified,"Rue Wiertz 60, 1047 Brussels",https://www.eppgroup.eu,2026-07,Seed org: hosts interns; pay and details to verify.,50.838657,4.375189
S&D Group,political group,Brussels,yes,unknown,,classified,"Rue Wiertz 60, 1047 Brussels",https://www.socialistsanddemocrats.eu,2026-07,Seed org: hosts interns; pay and details to verify.,50.838657,4.375189
Renew Europe,political group,Brussels,yes,unknown,,classified,"Rue Wiertz 60, 1047 Brussels",https://www.reneweuropegroup.eu,2026-07,Seed org: hosts interns; pay and details to verify.,50.838657,4.375189
Greens/EFA,political group,Brussels,yes,unknown,,classified,"Rue Wiertz 60, 1047 Brussels",https://www.greens-efa.eu,2026-07,Seed org: hosts interns; pay and details to verify.,50.838657,4.375189
POLITICO Europe,media,Brussels,yes,unknown,,classified,"Rue de la Loi 62, 1040 Brussels",https://www.politico.eu,2026-07,Seed org: hosts interns; pay and details to verify.,50.834334,4.392075
Euractiv,media,Brussels,yes,unknown,,classified,,https://www.euractiv.com,2026-07,Seed org: hosts interns; pay and details to verify.,50.844664,4.382515
